filename,label,sequence_length,font
000000_oGAFz.png,oGAFz,5,arial.ttf
000001_Q12gk.png,Q12gk,5,arial.ttf
000002_Ti9V2.png,Ti9V2,5,arial.ttf
000003_g9soP.png,g9soP,5,arial.ttf
000004_sbhge.png,sbhge,5,arial.ttf
000005_sBz1M.png,sBz1M,5,arial.ttf
000006_4ubvr.png,4ubvr,5,arial.ttf
000007_RwUUE.png,RwUUE,5,arial.ttf
000008_VWl59.png,VWl59,5,arial.ttf
000009_YIFA3.png,YIFA3,5,arial.ttf
000010_Tz5lD.png,Tz5lD,5,arial.ttf
000011_IjQgf.png,IjQgf,5,arial.ttf
000012_TelMc.png,TelMc,5,arial.ttf
000013_0qGjf.png,0qGjf,5,arial.ttf
000014_Vb3mY.png,Vb3mY,5,arial.ttf
000015_jJxIm.png,jJxIm,5,arial.ttf
000016_WAmfU.png,WAmfU,5,arial.ttf
000017_2CvbP.png,2CvbP,5,arial.ttf
000018_ocGVZ.png,ocGVZ,5,arial.ttf
000019_ZiqE3.png,ZiqE3,5,arial.ttf
000020_rGfGY.png,rGfGY,5,arial.ttf
000021_r9vjS.png,r9vjS,5,arial.ttf
000022_pelrH.png,pelrH,5,arial.ttf
000023_oyghZ.png,oyghZ,5,arial.ttf
000024_GHSEq.png,GHSEq,5,arial.ttf
000025_tKx7U.png,tKx7U,5,arial.ttf
000026_nS5WN.png,nS5WN,5,arial.ttf
000027_LVLm2.png,LVLm2,5,arial.ttf
000028_3eAFe.png,3eAFe,5,arial.ttf
000029_Pf5PQ.png,Pf5PQ,5,arial.ttf
000030_RsRz4.png,RsRz4,5,arial.ttf
000031_4A0h5.png,4A0h5,5,arial.ttf
000032_eu8aI.png,eu8aI,5,arial.ttf
000033_8Mlby.png,8Mlby,5,arial.ttf
000034_lXxik.png,lXxik,5,arial.ttf
000035_7M3WJ.png,7M3WJ,5,arial.ttf
000036_Fpji2.png,Fpji2,5,arial.ttf
000037_UaSdZ.png,UaSdZ,5,arial.ttf
000038_5goUF.png,5goUF,5,arial.ttf
000039_fC83W.png,fC83W,5,arial.ttf
000040_oEShk.png,oEShk,5,arial.ttf
000041_xCIX8.png,xCIX8,5,arial.ttf
000042_qAei6.png,qAei6,5,arial.ttf
000043_cpluO.png,cpluO,5,arial.ttf
000044_1hBhE.png,1hBhE,5,arial.ttf
000045_h21dI.png,h21dI,5,arial.ttf
000046_x6qzt.png,x6qzt,5,arial.ttf
000047_mww6W.png,mww6W,5,arial.ttf
000048_34dyX.png,34dyX,5,arial.ttf
000049_inKvo.png,inKvo,5,arial.ttf
000050_LX9Vr.png,LX9Vr,5,arial.ttf
000051_GmtCR.png,GmtCR,5,arial.ttf
000052_hP7ms.png,hP7ms,5,arial.ttf
000053_g0CN7.png,g0CN7,5,arial.ttf
000054_rJLtB.png,rJLtB,5,arial.ttf
000055_q41tR.png,q41tR,5,arial.ttf
000056_Uisyr.png,Uisyr,5,arial.ttf
000057_8KYWk.png,8KYWk,5,arial.ttf
000058_oe4vh.png,oe4vh,5,arial.ttf
000059_Ez8Sj.png,Ez8Sj,5,arial.ttf
000060_rJdCY.png,rJdCY,5,arial.ttf
000061_UjmSO.png,UjmSO,5,arial.ttf
000062_0N6D8.png,0N6D8,5,arial.ttf
000063_GQv1q.png,GQv1q,5,arial.ttf
000064_ozjAz.png,ozjAz,5,arial.ttf
000065_GUkgN.png,GUkgN,5,arial.ttf
000066_4Blz5.png,4Blz5,5,arial.ttf
000067_Lsw8J.png,Lsw8J,5,arial.ttf
000068_elJ70.png,elJ70,5,arial.ttf
000069_jEigU.png,jEigU,5,arial.ttf
000070_zKc5A.png,zKc5A,5,arial.ttf
000071_ptU3R.png,ptU3R,5,arial.ttf
000072_U6spI.png,U6spI,5,arial.ttf
000073_NAErf.png,NAErf,5,arial.ttf
000074_C6X8U.png,C6X8U,5,arial.ttf
000075_diZNL.png,diZNL,5,arial.ttf
000076_aArQW.png,aArQW,5,arial.ttf
000077_tmCyA.png,tmCyA,5,arial.ttf
000078_2QsQp.png,2QsQp,5,arial.ttf
000079_qjRFB.png,qjRFB,5,arial.ttf
000080_DAoot.png,DAoot,5,arial.ttf
000081_ZVbE7.png,ZVbE7,5,arial.ttf
000082_oIGL6.png,oIGL6,5,arial.ttf
000083_z9kBB.png,z9kBB,5,arial.ttf
000084_Aej0l.png,Aej0l,5,arial.ttf
000085_uecRR.png,uecRR,5,arial.ttf
000086_zr38i.png,zr38i,5,arial.ttf
000087_Vu37C.png,Vu37C,5,arial.ttf
000088_tqkNE.png,tqkNE,5,arial.ttf
000089_lfqFS.png,lfqFS,5,arial.ttf
000090_TrmMu.png,TrmMu,5,arial.ttf
000091_Twdrq.png,Twdrq,5,arial.ttf
000092_AFLlw.png,AFLlw,5,arial.ttf
000093_8TLt0.png,8TLt0,5,arial.ttf
000094_5lizu.png,5lizu,5,arial.ttf
000095_440sK.png,440sK,5,arial.ttf
000096_M7cxH.png,M7cxH,5,arial.ttf
000097_uEdgS.png,uEdgS,5,arial.ttf
000098_IrE0s.png,IrE0s,5,arial.ttf
000099_ukxaD.png,ukxaD,5,arial.ttf
000100_rJNVW.png,rJNVW,5,arial.ttf
000101_KfARS.png,KfARS,5,arial.ttf
000102_vwX1D.png,vwX1D,5,arial.ttf
000103_cqvPz.png,cqvPz,5,arial.ttf
000104_pUpGJ.png,pUpGJ,5,arial.ttf
000105_32v7k.png,32v7k,5,arial.ttf
000106_tG9rq.png,tG9rq,5,arial.ttf
000107_DTtGK.png,DTtGK,5,arial.ttf
000108_ZSC7F.png,ZSC7F,5,arial.ttf
000109_1jMvN.png,1jMvN,5,arial.ttf
000110_O8f2e.png,O8f2e,5,arial.ttf
000111_jYNkR.png,jYNkR,5,arial.ttf
000112_ss7aZ.png,ss7aZ,5,arial.ttf
000113_Pj2va.png,Pj2va,5,arial.ttf
000114_4sI34.png,4sI34,5,arial.ttf
000115_NiFUN.png,NiFUN,5,arial.ttf
000116_x81iY.png,x81iY,5,arial.ttf
000117_xTtqk.png,xTtqk,5,arial.ttf
000118_nsN9N.png,nsN9N,5,arial.ttf
000119_XQXG8.png,XQXG8,5,arial.ttf
000120_ygBwE.png,ygBwE,5,arial.ttf
000121_Jrv7o.png,Jrv7o,5,arial.ttf
000122_hpoZL.png,hpoZL,5,arial.ttf
000123_MZYPM.png,MZYPM,5,arial.ttf
000124_79Iqf.png,79Iqf,5,arial.ttf
000125_Pr7i2.png,Pr7i2,5,arial.ttf
000126_XkP5P.png,XkP5P,5,arial.ttf
000127_gvhNG.png,gvhNG,5,arial.ttf
000128_dKVjq.png,dKVjq,5,arial.ttf
000129_OaCW1.png,OaCW1,5,arial.ttf
000130_npfkn.png,npfkn,5,arial.ttf
000131_OpLwi.png,OpLwi,5,arial.ttf
000132_lXgCB.png,lXgCB,5,arial.ttf
000133_PvlDt.png,PvlDt,5,arial.ttf
000134_4DvUh.png,4DvUh,5,arial.ttf
000135_b7I6M.png,b7I6M,5,arial.ttf
000136_9M29O.png,9M29O,5,arial.ttf
000137_EWEeo.png,EWEeo,5,arial.ttf
000138_rqKOq.png,rqKOq,5,arial.ttf
000139_f1Ml9.png,f1Ml9,5,arial.ttf
000140_r6xyy.png,r6xyy,5,arial.ttf
000141_5EJq5.png,5EJq5,5,arial.ttf
000142_qicVz.png,qicVz,5,arial.ttf
000143_I4jJf.png,I4jJf,5,arial.ttf
000144_r8y3a.png,r8y3a,5,arial.ttf
000145_40qjh.png,40qjh,5,arial.ttf
000146_QY6BX.png,QY6BX,5,arial.ttf
000147_4qmhq.png,4qmhq,5,arial.ttf
000148_FRYLr.png,FRYLr,5,arial.ttf
000149_QAFgb.png,QAFgb,5,arial.ttf
000150_M2Wh5.png,M2Wh5,5,arial.ttf
000151_Awozp.png,Awozp,5,arial.ttf
000152_fJkou.png,fJkou,5,arial.ttf
000153_7I5KK.png,7I5KK,5,arial.ttf
000154_aipmN.png,aipmN,5,arial.ttf
000155_ju0XV.png,ju0XV,5,arial.ttf
000156_Ukgw3.png,Ukgw3,5,arial.ttf
000157_6KExl.png,6KExl,5,arial.ttf
000158_wCOXV.png,wCOXV,5,arial.ttf
000159_13EPa.png,13EPa,5,arial.ttf
000160_vtp6k.png,vtp6k,5,arial.ttf
000161_fITtE.png,fITtE,5,arial.ttf
000162_P5ylo.png,P5ylo,5,arial.ttf
000163_piw8u.png,piw8u,5,arial.ttf
000164_ST7fN.png,ST7fN,5,arial.ttf
000165_Essn3.png,Essn3,5,arial.ttf
000166_6dtP1.png,6dtP1,5,arial.ttf
000167_6JGmI.png,6JGmI,5,arial.ttf
000168_ogXYT.png,ogXYT,5,arial.ttf
000169_a2lvZ.png,a2lvZ,5,arial.ttf
000170_Xzj3J.png,Xzj3J,5,arial.ttf
000171_aacis.png,aacis,5,arial.ttf
000172_R3Tse.png,R3Tse,5,arial.ttf
000173_WVmOd.png,WVmOd,5,arial.ttf
000174_b0BH9.png,b0BH9,5,arial.ttf
000175_C8pYc.png,C8pYc,5,arial.ttf
000176_ATFR1.png,ATFR1,5,arial.ttf
000177_fArm1.png,fArm1,5,arial.ttf
000178_isbFJ.png,isbFJ,5,arial.ttf
000179_npFMw.png,npFMw,5,arial.ttf
000180_las3Z.png,las3Z,5,arial.ttf
000181_y3fZy.png,y3fZy,5,arial.ttf
000182_qNA0R.png,qNA0R,5,arial.ttf
000183_uljQA.png,uljQA,5,arial.ttf
000184_L6HqM.png,L6HqM,5,arial.ttf
000185_LUMTh.png,LUMTh,5,arial.ttf
000186_5yyGD.png,5yyGD,5,arial.ttf
000187_jiqE8.png,jiqE8,5,arial.ttf
000188_DwyYn.png,DwyYn,5,arial.ttf
000189_gr2DT.png,gr2DT,5,arial.ttf
000190_P12TZ.png,P12TZ,5,arial.ttf
000191_8wjSI.png,8wjSI,5,arial.ttf
000192_mI4md.png,mI4md,5,arial.ttf
000193_c0xlN.png,c0xlN,5,arial.ttf
000194_VuFSa.png,VuFSa,5,arial.ttf
000195_obdd3.png,obdd3,5,arial.ttf
000196_CKKRl.png,CKKRl,5,arial.ttf
000197_rqmuI.png,rqmuI,5,arial.ttf
000198_30oYm.png,30oYm,5,arial.ttf
000199_EgR1n.png,EgR1n,5,arial.ttf
000200_Elkvs.png,Elkvs,5,arial.ttf
000201_1Gvde.png,1Gvde,5,arial.ttf
000202_t01qi.png,t01qi,5,arial.ttf
000203_bKPWn.png,bKPWn,5,arial.ttf
000204_ZJRuv.png,ZJRuv,5,arial.ttf
000205_hMBfi.png,hMBfi,5,arial.ttf
000206_4hEGz.png,4hEGz,5,arial.ttf
000207_0WPnk.png,0WPnk,5,arial.ttf
000208_uE9N8.png,uE9N8,5,arial.ttf
000209_lKAFz.png,lKAFz,5,arial.ttf
000210_8M7jE.png,8M7jE,5,arial.ttf
000211_csPdX.png,csPdX,5,arial.ttf
000212_S0aZj.png,S0aZj,5,arial.ttf
000213_t6lF8.png,t6lF8,5,arial.ttf
000214_XBk4Q.png,XBk4Q,5,arial.ttf
000215_BQibw.png,BQibw,5,arial.ttf
000216_Lht6Y.png,Lht6Y,5,arial.ttf
000217_LFCdV.png,LFCdV,5,arial.ttf
000218_G6SCP.png,G6SCP,5,arial.ttf
000219_WLriL.png,WLriL,5,arial.ttf
000220_QvGxf.png,QvGxf,5,arial.ttf
000221_HYHGl.png,HYHGl,5,arial.ttf
000222_lPdF9.png,lPdF9,5,arial.ttf
000223_WlCO7.png,WlCO7,5,arial.ttf
000224_C0qNZ.png,C0qNZ,5,arial.ttf
000225_pJ7fu.png,pJ7fu,5,arial.ttf
000226_MRudG.png,MRudG,5,arial.ttf
000227_UUoBz.png,UUoBz,5,arial.ttf
000228_g9q5K.png,g9q5K,5,arial.ttf
000229_t7AnB.png,t7AnB,5,arial.ttf
000230_HPvHy.png,HPvHy,5,arial.ttf
000231_y4Onv.png,y4Onv,5,arial.ttf
000232_N7fKU.png,N7fKU,5,arial.ttf
000233_Q72kc.png,Q72kc,5,arial.ttf
000234_phdsA.png,phdsA,5,arial.ttf
000235_k4qAP.png,k4qAP,5,arial.ttf
000236_PH1dw.png,PH1dw,5,arial.ttf
000237_5LP9I.png,5LP9I,5,arial.ttf
000238_It1Ds.png,It1Ds,5,arial.ttf
000239_hVqNY.png,hVqNY,5,arial.ttf
000240_BnTny.png,BnTny,5,arial.ttf
000241_HXo8p.png,HXo8p,5,arial.ttf
000242_BCtEU.png,BCtEU,5,arial.ttf
000243_2DMQw.png,2DMQw,5,arial.ttf
000244_D13rj.png,D13rj,5,arial.ttf
000245_SUBMv.png,SUBMv,5,arial.ttf
000246_1eWmL.png,1eWmL,5,arial.ttf
000247_srTh0.png,srTh0,5,arial.ttf
000248_Dngai.png,Dngai,5,arial.ttf
000249_cXOxY.png,cXOxY,5,arial.ttf
000250_sJRm1.png,sJRm1,5,arial.ttf
000251_bXmKw.png,bXmKw,5,arial.ttf
000252_08d2g.png,08d2g,5,arial.ttf
000253_ug0DM.png,ug0DM,5,arial.ttf
000254_bAHNM.png,bAHNM,5,arial.ttf
000255_edMVC.png,edMVC,5,arial.ttf
000256_Z9v5c.png,Z9v5c,5,arial.ttf
000257_vgIFD.png,vgIFD,5,arial.ttf
000258_z6Rnq.png,z6Rnq,5,arial.ttf
000259_bpRsE.png,bpRsE,5,arial.ttf
000260_HYpQe.png,HYpQe,5,arial.ttf
000261_fS9D3.png,fS9D3,5,arial.ttf
000262_GR5k6.png,GR5k6,5,arial.ttf
000263_RdSOn.png,RdSOn,5,arial.ttf
000264_i5t6T.png,i5t6T,5,arial.ttf
000265_KwsYa.png,KwsYa,5,arial.ttf
000266_4vrHA.png,4vrHA,5,arial.ttf
000267_Ss59q.png,Ss59q,5,arial.ttf
000268_7DUAw.png,7DUAw,5,arial.ttf
000269_7AzM2.png,7AzM2,5,arial.ttf
000270_yInn4.png,yInn4,5,arial.ttf
000271_iXE63.png,iXE63,5,arial.ttf
000272_dWGln.png,dWGln,5,arial.ttf
000273_r1rlX.png,r1rlX,5,arial.ttf
000274_BDVK0.png,BDVK0,5,arial.ttf
000275_iSX01.png,iSX01,5,arial.ttf
000276_ULtbO.png,ULtbO,5,arial.ttf
000277_v5Cpj.png,v5Cpj,5,arial.ttf
000278_IDkbT.png,IDkbT,5,arial.ttf
000279_BCbwJ.png,BCbwJ,5,arial.ttf
000280_ZT0Xn.png,ZT0Xn,5,arial.ttf
000281_gc54X.png,gc54X,5,arial.ttf
000282_fSp95.png,fSp95,5,arial.ttf
000283_FRjnU.png,FRjnU,5,arial.ttf
000284_GmF0m.png,GmF0m,5,arial.ttf
000285_Dhmtd.png,Dhmtd,5,arial.ttf
000286_n0l27.png,n0l27,5,arial.ttf
000287_4bvkj.png,4bvkj,5,arial.ttf
000288_oZTKm.png,oZTKm,5,arial.ttf
000289_f4WVe.png,f4WVe,5,arial.ttf
000290_8xqP7.png,8xqP7,5,arial.ttf
000291_rw0sK.png,rw0sK,5,arial.ttf
000292_XXu5j.png,XXu5j,5,arial.ttf
000293_HKpDT.png,HKpDT,5,arial.ttf
000294_sLXRH.png,sLXRH,5,arial.ttf
000295_NN7GJ.png,NN7GJ,5,arial.ttf
000296_F6ZjE.png,F6ZjE,5,arial.ttf
000297_4SvbD.png,4SvbD,5,arial.ttf
000298_HTvzS.png,HTvzS,5,arial.ttf
000299_YdzrJ.png,YdzrJ,5,arial.ttf
000300_C9rsA.png,C9rsA,5,arial.ttf
000301_7AbtS.png,7AbtS,5,arial.ttf
000302_nBVHx.png,nBVHx,5,arial.ttf
000303_9n9tB.png,9n9tB,5,arial.ttf
000304_oH1Uq.png,oH1Uq,5,arial.ttf
000305_FeBfK.png,FeBfK,5,arial.ttf
000306_8VK2u.png,8VK2u,5,arial.ttf
000307_HLWOu.png,HLWOu,5,arial.ttf
000308_ApeIT.png,ApeIT,5,arial.ttf
000309_wEPbl.png,wEPbl,5,arial.ttf
000310_oJlV9.png,oJlV9,5,arial.ttf
000311_ZMQbW.png,ZMQbW,5,arial.ttf
000312_aoCtQ.png,aoCtQ,5,arial.ttf
000313_FcF5O.png,FcF5O,5,arial.ttf
000314_qzGQY.png,qzGQY,5,arial.ttf
000315_y1Jv6.png,y1Jv6,5,arial.ttf
000316_ymp56.png,ymp56,5,arial.ttf
000317_QRzN2.png,QRzN2,5,arial.ttf
000318_0AS3X.png,0AS3X,5,arial.ttf
000319_2RG4Q.png,2RG4Q,5,arial.ttf
000320_jFguT.png,jFguT,5,arial.ttf
000321_MtWkM.png,MtWkM,5,arial.ttf
000322_wBPnM.png,wBPnM,5,arial.ttf
000323_WZlQJ.png,WZlQJ,5,arial.ttf
000324_CprG5.png,CprG5,5,arial.ttf
000325_S08CB.png,S08CB,5,arial.ttf
000326_kjGjh.png,kjGjh,5,arial.ttf
000327_9Zm0w.png,9Zm0w,5,arial.ttf
000328_bCT13.png,bCT13,5,arial.ttf
000329_YUbaF.png,YUbaF,5,arial.ttf
000330_qdKeV.png,qdKeV,5,arial.ttf
000331_2Un4F.png,2Un4F,5,arial.ttf
000332_lhPcy.png,lhPcy,5,arial.ttf
000333_o123t.png,o123t,5,arial.ttf
000334_8QVnb.png,8QVnb,5,arial.ttf
000335_XWpYN.png,XWpYN,5,arial.ttf
000336_unG5n.png,unG5n,5,arial.ttf
000337_0TOGo.png,0TOGo,5,arial.ttf
000338_MJNjH.png,MJNjH,5,arial.ttf
000339_JSccb.png,JSccb,5,arial.ttf
000340_En0vD.png,En0vD,5,arial.ttf
000341_VcRNV.png,VcRNV,5,arial.ttf
000342_03iwY.png,03iwY,5,arial.ttf
000343_B5JwI.png,B5JwI,5,arial.ttf
000344_uuuIV.png,uuuIV,5,arial.ttf
000345_OGFg2.png,OGFg2,5,arial.ttf
000346_rPYc3.png,rPYc3,5,arial.ttf
000347_cwa9T.png,cwa9T,5,arial.ttf
000348_ZVhNj.png,ZVhNj,5,arial.ttf
000349_HTYuq.png,HTYuq,5,arial.ttf
000350_8Zv3n.png,8Zv3n,5,arial.ttf
000351_5O43f.png,5O43f,5,arial.ttf
000352_EnUYx.png,EnUYx,5,arial.ttf
000353_tWmeq.png,tWmeq,5,arial.ttf
000354_tnJBc.png,tnJBc,5,arial.ttf
000355_O2D3e.png,O2D3e,5,arial.ttf
000356_yFJTk.png,yFJTk,5,arial.ttf
000357_FitV4.png,FitV4,5,arial.ttf
000358_zWffy.png,zWffy,5,arial.ttf
000359_1jj54.png,1jj54,5,arial.ttf
000360_qrfK7.png,qrfK7,5,arial.ttf
000361_a2VVB.png,a2VVB,5,arial.ttf
000362_LWWwe.png,LWWwe,5,arial.ttf
000363_O1Bvt.png,O1Bvt,5,arial.ttf
000364_mCBIu.png,mCBIu,5,arial.ttf
000365_Vst7C.png,Vst7C,5,arial.ttf
000366_CNH7L.png,CNH7L,5,arial.ttf
000367_GT8xC.png,GT8xC,5,arial.ttf
000368_jX8VV.png,jX8VV,5,arial.ttf
000369_UB7KX.png,UB7KX,5,arial.ttf
000370_A3Jao.png,A3Jao,5,arial.ttf
000371_djg3X.png,djg3X,5,arial.ttf
000372_lgzRZ.png,lgzRZ,5,arial.ttf
000373_TdReG.png,TdReG,5,arial.ttf
000374_KgjsY.png,KgjsY,5,arial.ttf
000375_eh2N6.png,eh2N6,5,arial.ttf
000376_aA3Gn.png,aA3Gn,5,arial.ttf
000377_IPMT1.png,IPMT1,5,arial.ttf
000378_9Tgs8.png,9Tgs8,5,arial.ttf
000379_VDDBl.png,VDDBl,5,arial.ttf
000380_bFLKH.png,bFLKH,5,arial.ttf
000381_vjhpR.png,vjhpR,5,arial.ttf
000382_TCmxj.png,TCmxj,5,arial.ttf
000383_7dBCL.png,7dBCL,5,arial.ttf
000384_6aXYt.png,6aXYt,5,arial.ttf
000385_Kvu8q.png,Kvu8q,5,arial.ttf
000386_TZjcO.png,TZjcO,5,arial.ttf
000387_PVbAc.png,PVbAc,5,arial.ttf
000388_WYvTZ.png,WYvTZ,5,arial.ttf
000389_eKUJC.png,eKUJC,5,arial.ttf
000390_UV17n.png,UV17n,5,arial.ttf
000391_YZI7B.png,YZI7B,5,arial.ttf
000392_whKnZ.png,whKnZ,5,arial.ttf
000393_ULbOg.png,ULbOg,5,arial.ttf
000394_XZGQg.png,XZGQg,5,arial.ttf
000395_bfD5O.png,bfD5O,5,arial.ttf
000396_6gVlk.png,6gVlk,5,arial.ttf
000397_yDsIh.png,yDsIh,5,arial.ttf
000398_CgFCJ.png,CgFCJ,5,arial.ttf
000399_hLiC6.png,hLiC6,5,arial.ttf
000400_uJFZW.png,uJFZW,5,arial.ttf
000401_B8TRP.png,B8TRP,5,arial.ttf
000402_QokQb.png,QokQb,5,arial.ttf
000403_qpUXg.png,qpUXg,5,arial.ttf
000404_d0D33.png,d0D33,5,arial.ttf
000405_45Chc.png,45Chc,5,arial.ttf
000406_NOvx7.png,NOvx7,5,arial.ttf
000407_UsVyz.png,UsVyz,5,arial.ttf
000408_i75Yq.png,i75Yq,5,arial.ttf
000409_MMLJw.png,MMLJw,5,arial.ttf
000410_56zBQ.png,56zBQ,5,arial.ttf
000411_Bxlb9.png,Bxlb9,5,arial.ttf
000412_QsQne.png,QsQne,5,arial.ttf
000413_V2bAP.png,V2bAP,5,arial.ttf
000414_K4UFg.png,K4UFg,5,arial.ttf
000415_c6RoU.png,c6RoU,5,arial.ttf
000416_wGgzz.png,wGgzz,5,arial.ttf
000417_qMKvz.png,qMKvz,5,arial.ttf
000418_3G6s9.png,3G6s9,5,arial.ttf
000419_XVXFT.png,XVXFT,5,arial.ttf
000420_3Xy4H.png,3Xy4H,5,arial.ttf
000421_sr56y.png,sr56y,5,arial.ttf
000422_Kc0NI.png,Kc0NI,5,arial.ttf
000423_chAyG.png,chAyG,5,arial.ttf
000424_vOS1N.png,vOS1N,5,arial.ttf
000425_K3gKN.png,K3gKN,5,arial.ttf
000426_Qdv6j.png,Qdv6j,5,arial.ttf
000427_vNiX2.png,vNiX2,5,arial.ttf
000428_jpFKO.png,jpFKO,5,arial.ttf
000429_KJC8h.png,KJC8h,5,arial.ttf
000430_VFDo9.png,VFDo9,5,arial.ttf
000431_RNUcu.png,RNUcu,5,arial.ttf
000432_IIkE4.png,IIkE4,5,arial.ttf
000433_e47NY.png,e47NY,5,arial.ttf
000434_Zopf4.png,Zopf4,5,arial.ttf
000435_AD0Pz.png,AD0Pz,5,arial.ttf
000436_iOVxX.png,iOVxX,5,arial.ttf
000437_fZv9X.png,fZv9X,5,arial.ttf
000438_pEAQj.png,pEAQj,5,arial.ttf
000439_d0a0t.png,d0a0t,5,arial.ttf
000440_BPGUQ.png,BPGUQ,5,arial.ttf
000441_P49Y2.png,P49Y2,5,arial.ttf
000442_OK4uW.png,OK4uW,5,arial.ttf
000443_z8j2c.png,z8j2c,5,arial.ttf
000444_NdDoF.png,NdDoF,5,arial.ttf
000445_uMkuC.png,uMkuC,5,arial.ttf
000446_PNjL1.png,PNjL1,5,arial.ttf
000447_3G4qH.png,3G4qH,5,arial.ttf
000448_DZ5Nf.png,DZ5Nf,5,arial.ttf
000449_tOsoS.png,tOsoS,5,arial.ttf
000450_vm7uG.png,vm7uG,5,arial.ttf
000451_hGM9u.png,hGM9u,5,arial.ttf
000452_5Zztb.png,5Zztb,5,arial.ttf
000453_QWHbw.png,QWHbw,5,arial.ttf
000454_RbBtw.png,RbBtw,5,arial.ttf
000455_g2gMU.png,g2gMU,5,arial.ttf
000456_7TR3F.png,7TR3F,5,arial.ttf
000457_o2954.png,o2954,5,arial.ttf
000458_ZksxT.png,ZksxT,5,arial.ttf
000459_8uqwc.png,8uqwc,5,arial.ttf
000460_f3LXh.png,f3LXh,5,arial.ttf
000461_DPK4t.png,DPK4t,5,arial.ttf
000462_7cTx2.png,7cTx2,5,arial.ttf
000463_4lEBl.png,4lEBl,5,arial.ttf
000464_9dKLI.png,9dKLI,5,arial.ttf
000465_4IUwR.png,4IUwR,5,arial.ttf
000466_Pw412.png,Pw412,5,arial.ttf
000467_KD02k.png,KD02k,5,arial.ttf
000468_cWpR3.png,cWpR3,5,arial.ttf
000469_n7qQj.png,n7qQj,5,arial.ttf
000470_qeQ1k.png,qeQ1k,5,arial.ttf
000471_JFoak.png,JFoak,5,arial.ttf
000472_0v0SZ.png,0v0SZ,5,arial.ttf
000473_1saKV.png,1saKV,5,arial.ttf
000474_5pEIz.png,5pEIz,5,arial.ttf
000475_BbnSQ.png,BbnSQ,5,arial.ttf
000476_yJt3Z.png,yJt3Z,5,arial.ttf
000477_MOdxE.png,MOdxE,5,arial.ttf
000478_q5rjN.png,q5rjN,5,arial.ttf
000479_OQWvo.png,OQWvo,5,arial.ttf
000480_42b8B.png,42b8B,5,arial.ttf
000481_65xPL.png,65xPL,5,arial.ttf
000482_RsdTg.png,RsdTg,5,arial.ttf
000483_Id1YT.png,Id1YT,5,arial.ttf
000484_0Hjoz.png,0Hjoz,5,arial.ttf
000485_Zvxe8.png,Zvxe8,5,arial.ttf
000486_3uZLO.png,3uZLO,5,arial.ttf
000487_QnCl8.png,QnCl8,5,arial.ttf
000488_4aPbN.png,4aPbN,5,arial.ttf
000489_Z7DhZ.png,Z7DhZ,5,arial.ttf
000490_JxKoq.png,JxKoq,5,arial.ttf
000491_nGDcP.png,nGDcP,5,arial.ttf
000492_pwMJS.png,pwMJS,5,arial.ttf
000493_QSAM3.png,QSAM3,5,arial.ttf
000494_woJ1P.png,woJ1P,5,arial.ttf
000495_dqNrH.png,dqNrH,5,arial.ttf
000496_5JNca.png,5JNca,5,arial.ttf
000497_nygfR.png,nygfR,5,arial.ttf
000498_WLe5H.png,WLe5H,5,arial.ttf
000499_9Uz8M.png,9Uz8M,5,arial.ttf
000500_Y6xvJ.png,Y6xvJ,5,arial.ttf
000501_57IC7.png,57IC7,5,arial.ttf
000502_zux7g.png,zux7g,5,arial.ttf
000503_XmNb0.png,XmNb0,5,arial.ttf
000504_HkRZa.png,HkRZa,5,arial.ttf
000505_166zK.png,166zK,5,arial.ttf
000506_r15hn.png,r15hn,5,arial.ttf
000507_Rxy2W.png,Rxy2W,5,arial.ttf
000508_f8oDX.png,f8oDX,5,arial.ttf
000509_LEkP2.png,LEkP2,5,arial.ttf
000510_QGZx1.png,QGZx1,5,arial.ttf
000511_M5aLk.png,M5aLk,5,arial.ttf
000512_14o4z.png,14o4z,5,arial.ttf
000513_hlbEw.png,hlbEw,5,arial.ttf
000514_AjmV2.png,AjmV2,5,arial.ttf
000515_AI2E8.png,AI2E8,5,arial.ttf
000516_AU3UD.png,AU3UD,5,arial.ttf
000517_rMZYY.png,rMZYY,5,arial.ttf
000518_ggKLS.png,ggKLS,5,arial.ttf
000519_NI2vg.png,NI2vg,5,arial.ttf
000520_ndHKP.png,ndHKP,5,arial.ttf
000521_xHuf0.png,xHuf0,5,arial.ttf
000522_QqYT9.png,QqYT9,5,arial.ttf
000523_VCva6.png,VCva6,5,arial.ttf
000524_6hPw0.png,6hPw0,5,arial.ttf
000525_Qd5HS.png,Qd5HS,5,arial.ttf
000526_VduuY.png,VduuY,5,arial.ttf
000527_zjmaF.png,zjmaF,5,arial.ttf
000528_MhoyI.png,MhoyI,5,arial.ttf
000529_YxNQS.png,YxNQS,5,arial.ttf
000530_VXLtb.png,VXLtb,5,arial.ttf
000531_7KIVA.png,7KIVA,5,arial.ttf
000532_RR33u.png,RR33u,5,arial.ttf
000533_FikLK.png,FikLK,5,arial.ttf
000534_p29MR.png,p29MR,5,arial.ttf
000535_efwlX.png,efwlX,5,arial.ttf
000536_gQ4PY.png,gQ4PY,5,arial.ttf
000537_jxFSD.png,jxFSD,5,arial.ttf
000538_QL0tZ.png,QL0tZ,5,arial.ttf
000539_B7DUY.png,B7DUY,5,arial.ttf
000540_lfMx8.png,lfMx8,5,arial.ttf
000541_8AOxb.png,8AOxb,5,arial.ttf
000542_Sjqg4.png,Sjqg4,5,arial.ttf
000543_5VoKc.png,5VoKc,5,arial.ttf
000544_NE4h8.png,NE4h8,5,arial.ttf
000545_NUJzn.png,NUJzn,5,arial.ttf
000546_65WJj.png,65WJj,5,arial.ttf
000547_A1Kqg.png,A1Kqg,5,arial.ttf
000548_v1RrC.png,v1RrC,5,arial.ttf
000549_ijCPD.png,ijCPD,5,arial.ttf
000550_VIerX.png,VIerX,5,arial.ttf
000551_qxVQc.png,qxVQc,5,arial.ttf
000552_ZNyam.png,ZNyam,5,arial.ttf
000553_oKGrB.png,oKGrB,5,arial.ttf
000554_VKPYb.png,VKPYb,5,arial.ttf
000555_YBJ3M.png,YBJ3M,5,arial.ttf
000556_gkrpv.png,gkrpv,5,arial.ttf
000557_ahGSq.png,ahGSq,5,arial.ttf
000558_h87sr.png,h87sr,5,arial.ttf
000559_WeI3t.png,WeI3t,5,arial.ttf
000560_ZyDPq.png,ZyDPq,5,arial.ttf
000561_w9LjS.png,w9LjS,5,arial.ttf
000562_FL9DS.png,FL9DS,5,arial.ttf
000563_2z4t1.png,2z4t1,5,arial.ttf
000564_8qfm0.png,8qfm0,5,arial.ttf
000565_Hagc6.png,Hagc6,5,arial.ttf
000566_S5Rmg.png,S5Rmg,5,arial.ttf
000567_Zow9V.png,Zow9V,5,arial.ttf
000568_uNbtD.png,uNbtD,5,arial.ttf
000569_Zl28P.png,Zl28P,5,arial.ttf
000570_pePNl.png,pePNl,5,arial.ttf
000571_nWnTc.png,nWnTc,5,arial.ttf
000572_RQmR6.png,RQmR6,5,arial.ttf
000573_D0nMg.png,D0nMg,5,arial.ttf
000574_mHloO.png,mHloO,5,arial.ttf
000575_o380w.png,o380w,5,arial.ttf
000576_euoDF.png,euoDF,5,arial.ttf
000577_CkXgP.png,CkXgP,5,arial.ttf
000578_eXgT7.png,eXgT7,5,arial.ttf
000579_JsBOW.png,JsBOW,5,arial.ttf
000580_BjWrS.png,BjWrS,5,arial.ttf
000581_KYhFm.png,KYhFm,5,arial.ttf
000582_DFZEO.png,DFZEO,5,arial.ttf
000583_Fj6IP.png,Fj6IP,5,arial.ttf
000584_qMOuF.png,qMOuF,5,arial.ttf
000585_etf60.png,etf60,5,arial.ttf
000586_l9lv8.png,l9lv8,5,arial.ttf
000587_ZrsI3.png,ZrsI3,5,arial.ttf
000588_J3mxK.png,J3mxK,5,arial.ttf
000589_v5LEf.png,v5LEf,5,arial.ttf
000590_xMSDb.png,xMSDb,5,arial.ttf
000591_BhFDo.png,BhFDo,5,arial.ttf
000592_v7Zjn.png,v7Zjn,5,arial.ttf
000593_TbM5Q.png,TbM5Q,5,arial.ttf
000594_uNbmx.png,uNbmx,5,arial.ttf
000595_uJG9j.png,uJG9j,5,arial.ttf
000596_1dn1u.png,1dn1u,5,arial.ttf
000597_n7pmv.png,n7pmv,5,arial.ttf
000598_XDfI2.png,XDfI2,5,arial.ttf
000599_kgG8r.png,kgG8r,5,arial.ttf
000600_8Hzb8.png,8Hzb8,5,arial.ttf
000601_iecF8.png,iecF8,5,arial.ttf
000602_zbbIR.png,zbbIR,5,arial.ttf
000603_VG3Gu.png,VG3Gu,5,arial.ttf
000604_qMQlR.png,qMQlR,5,arial.ttf
000605_rlMat.png,rlMat,5,arial.ttf
000606_49sbw.png,49sbw,5,arial.ttf
000607_z6Syy.png,z6Syy,5,arial.ttf
000608_UDJaK.png,UDJaK,5,arial.ttf
000609_ANfDH.png,ANfDH,5,arial.ttf
000610_ArXeq.png,ArXeq,5,arial.ttf
000611_v5SNj.png,v5SNj,5,arial.ttf
000612_KmlVy.png,KmlVy,5,arial.ttf
000613_zbgbe.png,zbgbe,5,arial.ttf
000614_QIWTF.png,QIWTF,5,arial.ttf
000615_cV10f.png,cV10f,5,arial.ttf
000616_2sPmb.png,2sPmb,5,arial.ttf
000617_MGjzu.png,MGjzu,5,arial.ttf
000618_Lb6bF.png,Lb6bF,5,arial.ttf
000619_U6m48.png,U6m48,5,arial.ttf
000620_hcSnS.png,hcSnS,5,arial.ttf
000621_jD8jf.png,jD8jf,5,arial.ttf
000622_QOz2y.png,QOz2y,5,arial.ttf
000623_BYxfA.png,BYxfA,5,arial.ttf
000624_N0kC2.png,N0kC2,5,arial.ttf
000625_0KwiN.png,0KwiN,5,arial.ttf
000626_EHdbL.png,EHdbL,5,arial.ttf
000627_aaWfD.png,aaWfD,5,arial.ttf
000628_7JzfU.png,7JzfU,5,arial.ttf
000629_WXlto.png,WXlto,5,arial.ttf
000630_7NqgX.png,7NqgX,5,arial.ttf
000631_RojbS.png,RojbS,5,arial.ttf
000632_1eOnw.png,1eOnw,5,arial.ttf
000633_0qDUd.png,0qDUd,5,arial.ttf
000634_lRWtl.png,lRWtl,5,arial.ttf
000635_9SZyT.png,9SZyT,5,arial.ttf
000636_uC8rp.png,uC8rp,5,arial.ttf
000637_S21oB.png,S21oB,5,arial.ttf
000638_LuWfF.png,LuWfF,5,arial.ttf
000639_wXl13.png,wXl13,5,arial.ttf
000640_YJH57.png,YJH57,5,arial.ttf
000641_T50Mc.png,T50Mc,5,arial.ttf
000642_t8e0P.png,t8e0P,5,arial.ttf
000643_O0LII.png,O0LII,5,arial.ttf
000644_gPjx9.png,gPjx9,5,arial.ttf
000645_xtO1k.png,xtO1k,5,arial.ttf
000646_X9bG7.png,X9bG7,5,arial.ttf
000647_4SBD7.png,4SBD7,5,arial.ttf
000648_UYEKE.png,UYEKE,5,arial.ttf
000649_IkjfX.png,IkjfX,5,arial.ttf
000650_DBlKs.png,DBlKs,5,arial.ttf
000651_MjBBO.png,MjBBO,5,arial.ttf
000652_08Tdr.png,08Tdr,5,arial.ttf
000653_8WMGg.png,8WMGg,5,arial.ttf
000654_s1jbe.png,s1jbe,5,arial.ttf
000655_ZRspw.png,ZRspw,5,arial.ttf
000656_B6bRc.png,B6bRc,5,arial.ttf
000657_DZn2T.png,DZn2T,5,arial.ttf
000658_v2hq0.png,v2hq0,5,arial.ttf
000659_o1URI.png,o1URI,5,arial.ttf
000660_ELAma.png,ELAma,5,arial.ttf
000661_J7uuq.png,J7uuq,5,arial.ttf
000662_sCrMT.png,sCrMT,5,arial.ttf
000663_i3D6c.png,i3D6c,5,arial.ttf
000664_R5nCi.png,R5nCi,5,arial.ttf
000665_n7rfd.png,n7rfd,5,arial.ttf
000666_NWsDF.png,NWsDF,5,arial.ttf
000667_NOxP7.png,NOxP7,5,arial.ttf
000668_Xa3vs.png,Xa3vs,5,arial.ttf
000669_Lmxe3.png,Lmxe3,5,arial.ttf
000670_hbwT2.png,hbwT2,5,arial.ttf
000671_ZHn3e.png,ZHn3e,5,arial.ttf
000672_kvsDA.png,kvsDA,5,arial.ttf
000673_309Xm.png,309Xm,5,arial.ttf
000674_sJU5R.png,sJU5R,5,arial.ttf
000675_J1TdT.png,J1TdT,5,arial.ttf
000676_1cVwd.png,1cVwd,5,arial.ttf
000677_yB7XF.png,yB7XF,5,arial.ttf
000678_KzdUb.png,KzdUb,5,arial.ttf
000679_iKE2W.png,iKE2W,5,arial.ttf
000680_qoP06.png,qoP06,5,arial.ttf
000681_tMmjO.png,tMmjO,5,arial.ttf
000682_6TnCs.png,6TnCs,5,arial.ttf
000683_cCOF0.png,cCOF0,5,arial.ttf
000684_aZc8s.png,aZc8s,5,arial.ttf
000685_yN6uq.png,yN6uq,5,arial.ttf
000686_CVjZy.png,CVjZy,5,arial.ttf
000687_kzLUy.png,kzLUy,5,arial.ttf
000688_SgRlL.png,SgRlL,5,arial.ttf
000689_iyEow.png,iyEow,5,arial.ttf
000690_urpzu.png,urpzu,5,arial.ttf
000691_yGUrs.png,yGUrs,5,arial.ttf
000692_leunw.png,leunw,5,arial.ttf
000693_zmCSK.png,zmCSK,5,arial.ttf
000694_RN7r3.png,RN7r3,5,arial.ttf
000695_6033N.png,6033N,5,arial.ttf
000696_3pUKt.png,3pUKt,5,arial.ttf
000697_jmEr3.png,jmEr3,5,arial.ttf
000698_dtDvO.png,dtDvO,5,arial.ttf
000699_BjXg3.png,BjXg3,5,arial.ttf
000700_sIvDd.png,sIvDd,5,arial.ttf
000701_23KL2.png,23KL2,5,arial.ttf
000702_wBGO9.png,wBGO9,5,arial.ttf
000703_E36iD.png,E36iD,5,arial.ttf
000704_UV911.png,UV911,5,arial.ttf
000705_T8GsS.png,T8GsS,5,arial.ttf
000706_6BD3t.png,6BD3t,5,arial.ttf
000707_OfxO0.png,OfxO0,5,arial.ttf
000708_teX3k.png,teX3k,5,arial.ttf
000709_7gaWm.png,7gaWm,5,arial.ttf
000710_tF0TM.png,tF0TM,5,arial.ttf
000711_QGP1C.png,QGP1C,5,arial.ttf
000712_cOHCR.png,cOHCR,5,arial.ttf
000713_Vr4EL.png,Vr4EL,5,arial.ttf
000714_x68PH.png,x68PH,5,arial.ttf
000715_lv0Ny.png,lv0Ny,5,arial.ttf
000716_SkKzO.png,SkKzO,5,arial.ttf
000717_X5MNI.png,X5MNI,5,arial.ttf
000718_AAbdR.png,AAbdR,5,arial.ttf
000719_QEQci.png,QEQci,5,arial.ttf
000720_Boosf.png,Boosf,5,arial.ttf
000721_zYgfL.png,zYgfL,5,arial.ttf
000722_8sAWm.png,8sAWm,5,arial.ttf
000723_oLwbR.png,oLwbR,5,arial.ttf
000724_ddlW2.png,ddlW2,5,arial.ttf
000725_XSGFp.png,XSGFp,5,arial.ttf
000726_TGcds.png,TGcds,5,arial.ttf
000727_BrzFK.png,BrzFK,5,arial.ttf
000728_PQqJe.png,PQqJe,5,arial.ttf
000729_jlXE3.png,jlXE3,5,arial.ttf
000730_TR0Gi.png,TR0Gi,5,arial.ttf
000731_Hz9W1.png,Hz9W1,5,arial.ttf
000732_Ix1Ks.png,Ix1Ks,5,arial.ttf
000733_apMaq.png,apMaq,5,arial.ttf
000734_zuQIn.png,zuQIn,5,arial.ttf
000735_EP5Wq.png,EP5Wq,5,arial.ttf
000736_KU6qq.png,KU6qq,5,arial.ttf
000737_b4iJa.png,b4iJa,5,arial.ttf
000738_KKJm8.png,KKJm8,5,arial.ttf
000739_bxMGc.png,bxMGc,5,arial.ttf
000740_edNKX.png,edNKX,5,arial.ttf
000741_TPJ4Y.png,TPJ4Y,5,arial.ttf
000742_Uebf4.png,Uebf4,5,arial.ttf
000743_HjKan.png,HjKan,5,arial.ttf
000744_weU3I.png,weU3I,5,arial.ttf
000745_ADCNj.png,ADCNj,5,arial.ttf
000746_8tIhU.png,8tIhU,5,arial.ttf
000747_Ttaby.png,Ttaby,5,arial.ttf
000748_OGOIw.png,OGOIw,5,arial.ttf
000749_k3ffI.png,k3ffI,5,arial.ttf
000750_GbonP.png,GbonP,5,arial.ttf
000751_6btys.png,6btys,5,arial.ttf
000752_1pacn.png,1pacn,5,arial.ttf
000753_WYsUM.png,WYsUM,5,arial.ttf
000754_6UFX1.png,6UFX1,5,arial.ttf
000755_QVOxD.png,QVOxD,5,arial.ttf
000756_rx69z.png,rx69z,5,arial.ttf
000757_PsL4b.png,PsL4b,5,arial.ttf
000758_vwgd3.png,vwgd3,5,arial.ttf
000759_Oucqi.png,Oucqi,5,arial.ttf
000760_63KAY.png,63KAY,5,arial.ttf
000761_ZXaWS.png,ZXaWS,5,arial.ttf
000762_2bdHG.png,2bdHG,5,arial.ttf
000763_eEH8O.png,eEH8O,5,arial.ttf
000764_fE91j.png,fE91j,5,arial.ttf
000765_CDTcp.png,CDTcp,5,arial.ttf
000766_tBLFh.png,tBLFh,5,arial.ttf
000767_CGqC5.png,CGqC5,5,arial.ttf
000768_tCign.png,tCign,5,arial.ttf
000769_uAEQ2.png,uAEQ2,5,arial.ttf
000770_qdvnN.png,qdvnN,5,arial.ttf
000771_OcgtJ.png,OcgtJ,5,arial.ttf
000772_eiXNZ.png,eiXNZ,5,arial.ttf
000773_GTTZX.png,GTTZX,5,arial.ttf
000774_VhXri.png,VhXri,5,arial.ttf
000775_qP2Bu.png,qP2Bu,5,arial.ttf
000776_MLSMa.png,MLSMa,5,arial.ttf
000777_4C0FS.png,4C0FS,5,arial.ttf
000778_XSGtH.png,XSGtH,5,arial.ttf
000779_Z41bJ.png,Z41bJ,5,arial.ttf
000780_QN3OV.png,QN3OV,5,arial.ttf
000781_Dgt3G.png,Dgt3G,5,arial.ttf
000782_KfkBK.png,KfkBK,5,arial.ttf
000783_ZkXzt.png,ZkXzt,5,arial.ttf
000784_Tqz71.png,Tqz71,5,arial.ttf
000785_9PgRa.png,9PgRa,5,arial.ttf
000786_yecvR.png,yecvR,5,arial.ttf
000787_0FysH.png,0FysH,5,arial.ttf
000788_joeU1.png,joeU1,5,arial.ttf
000789_W4fsj.png,W4fsj,5,arial.ttf
000790_ZGWBh.png,ZGWBh,5,arial.ttf
000791_dJX2J.png,dJX2J,5,arial.ttf
000792_GF3re.png,GF3re,5,arial.ttf
000793_8cP7c.png,8cP7c,5,arial.ttf
000794_KOYK1.png,KOYK1,5,arial.ttf
000795_48oru.png,48oru,5,arial.ttf
000796_ufyhq.png,ufyhq,5,arial.ttf
000797_Mv3Wm.png,Mv3Wm,5,arial.ttf
000798_1hMGJ.png,1hMGJ,5,arial.ttf
000799_u0cec.png,u0cec,5,arial.ttf
000800_zKLN1.png,zKLN1,5,arial.ttf
000801_k6Cxl.png,k6Cxl,5,arial.ttf
000802_m9IfM.png,m9IfM,5,arial.ttf
000803_7mCVy.png,7mCVy,5,arial.ttf
000804_EECHC.png,EECHC,5,arial.ttf
000805_Scebz.png,Scebz,5,arial.ttf
000806_ipVtv.png,ipVtv,5,arial.ttf
000807_c8cmV.png,c8cmV,5,arial.ttf
000808_PyRA5.png,PyRA5,5,arial.ttf
000809_Vos3C.png,Vos3C,5,arial.ttf
000810_cHpHp.png,cHpHp,5,arial.ttf
000811_38w10.png,38w10,5,arial.ttf
000812_t0oIU.png,t0oIU,5,arial.ttf
000813_C0q2B.png,C0q2B,5,arial.ttf
000814_kJFrY.png,kJFrY,5,arial.ttf
000815_hmUSG.png,hmUSG,5,arial.ttf
000816_I2cBJ.png,I2cBJ,5,arial.ttf
000817_hWeFO.png,hWeFO,5,arial.ttf
000818_cL2s5.png,cL2s5,5,arial.ttf
000819_idRdW.png,idRdW,5,arial.ttf
000820_u5oJ5.png,u5oJ5,5,arial.ttf
000821_zL3sl.png,zL3sl,5,arial.ttf
000822_cKgpe.png,cKgpe,5,arial.ttf
000823_hA46P.png,hA46P,5,arial.ttf
000824_hjc2T.png,hjc2T,5,arial.ttf
000825_L9Als.png,L9Als,5,arial.ttf
000826_cEJsK.png,cEJsK,5,arial.ttf
000827_rbpxo.png,rbpxo,5,arial.ttf
000828_GYsdS.png,GYsdS,5,arial.ttf
000829_UGVJD.png,UGVJD,5,arial.ttf
000830_akcH1.png,akcH1,5,arial.ttf
000831_coEMh.png,coEMh,5,arial.ttf
000832_bNHzG.png,bNHzG,5,arial.ttf
000833_mxoP8.png,mxoP8,5,arial.ttf
000834_HdfQ5.png,HdfQ5,5,arial.ttf
000835_VRrYS.png,VRrYS,5,arial.ttf
000836_prKIF.png,prKIF,5,arial.ttf
000837_cDgWM.png,cDgWM,5,arial.ttf
000838_6ujaS.png,6ujaS,5,arial.ttf
000839_wdIdL.png,wdIdL,5,arial.ttf
000840_qTPWp.png,qTPWp,5,arial.ttf
000841_OBad7.png,OBad7,5,arial.ttf
000842_rDRFi.png,rDRFi,5,arial.ttf
000843_hVnSL.png,hVnSL,5,arial.ttf
000844_j3GsO.png,j3GsO,5,arial.ttf
000845_OQa3C.png,OQa3C,5,arial.ttf
000846_coO8q.png,coO8q,5,arial.ttf
000847_fnI3G.png,fnI3G,5,arial.ttf
000848_1d6mC.png,1d6mC,5,arial.ttf
000849_k1QXs.png,k1QXs,5,arial.ttf
000850_x8lRI.png,x8lRI,5,arial.ttf
000851_RAedZ.png,RAedZ,5,arial.ttf
000852_M4t3j.png,M4t3j,5,arial.ttf
000853_ijOac.png,ijOac,5,arial.ttf
000854_KyGE4.png,KyGE4,5,arial.ttf
000855_oT6BI.png,oT6BI,5,arial.ttf
000856_SGmrZ.png,SGmrZ,5,arial.ttf
000857_RBO43.png,RBO43,5,arial.ttf
000858_2xm6k.png,2xm6k,5,arial.ttf
000859_lzpxj.png,lzpxj,5,arial.ttf
000860_fh1By.png,fh1By,5,arial.ttf
000861_tn5RK.png,tn5RK,5,arial.ttf
000862_IWFFe.png,IWFFe,5,arial.ttf
000863_u32K7.png,u32K7,5,arial.ttf
000864_qaRX3.png,qaRX3,5,arial.ttf
000865_3RQE5.png,3RQE5,5,arial.ttf
000866_EWexY.png,EWexY,5,arial.ttf
000867_VDKuk.png,VDKuk,5,arial.ttf
000868_s4OG2.png,s4OG2,5,arial.ttf
000869_szCxB.png,szCxB,5,arial.ttf
000870_dfB7y.png,dfB7y,5,arial.ttf
000871_wCP3z.png,wCP3z,5,arial.ttf
000872_qs3h0.png,qs3h0,5,arial.ttf
000873_ZtQqA.png,ZtQqA,5,arial.ttf
000874_ovbT8.png,ovbT8,5,arial.ttf
000875_KB0wx.png,KB0wx,5,arial.ttf
000876_p4TjG.png,p4TjG,5,arial.ttf
000877_exDQu.png,exDQu,5,arial.ttf
000878_xlUgX.png,xlUgX,5,arial.ttf
000879_Oemra.png,Oemra,5,arial.ttf
000880_7Udwk.png,7Udwk,5,arial.ttf
000881_dy6dJ.png,dy6dJ,5,arial.ttf
000882_TvKYK.png,TvKYK,5,arial.ttf
000883_ho8TV.png,ho8TV,5,arial.ttf
000884_l0uIL.png,l0uIL,5,arial.ttf
000885_NmFgQ.png,NmFgQ,5,arial.ttf
000886_lbOvG.png,lbOvG,5,arial.ttf
000887_JbR1k.png,JbR1k,5,arial.ttf
000888_ArMaB.png,ArMaB,5,arial.ttf
000889_d6KjG.png,d6KjG,5,arial.ttf
000890_s9LYo.png,s9LYo,5,arial.ttf
000891_LmhT2.png,LmhT2,5,arial.ttf
000892_rJa0D.png,rJa0D,5,arial.ttf
000893_1VbPK.png,1VbPK,5,arial.ttf
000894_HoF2X.png,HoF2X,5,arial.ttf
000895_ZvgwI.png,ZvgwI,5,arial.ttf
000896_DoKRJ.png,DoKRJ,5,arial.ttf
000897_VzTyS.png,VzTyS,5,arial.ttf
000898_uUHhQ.png,uUHhQ,5,arial.ttf
000899_Edwda.png,Edwda,5,arial.ttf
000900_mzAqm.png,mzAqm,5,arial.ttf
000901_BfuU8.png,BfuU8,5,arial.ttf
000902_YW71B.png,YW71B,5,arial.ttf
000903_xbGMm.png,xbGMm,5,arial.ttf
000904_dLWUs.png,dLWUs,5,arial.ttf
000905_59pPT.png,59pPT,5,arial.ttf
000906_9ezdG.png,9ezdG,5,arial.ttf
000907_WlOpY.png,WlOpY,5,arial.ttf
000908_n6OMG.png,n6OMG,5,arial.ttf
000909_le2P8.png,le2P8,5,arial.ttf
000910_6TR2L.png,6TR2L,5,arial.ttf
000911_M2IXT.png,M2IXT,5,arial.ttf
000912_N1IMP.png,N1IMP,5,arial.ttf
000913_sKDQl.png,sKDQl,5,arial.ttf
000914_0e8fB.png,0e8fB,5,arial.ttf
000915_6ORGZ.png,6ORGZ,5,arial.ttf
000916_lmz6l.png,lmz6l,5,arial.ttf
000917_H7FAc.png,H7FAc,5,arial.ttf
000918_CplZu.png,CplZu,5,arial.ttf
000919_b9dSZ.png,b9dSZ,5,arial.ttf
000920_TKcne.png,TKcne,5,arial.ttf
000921_Wohym.png,Wohym,5,arial.ttf
000922_0J99l.png,0J99l,5,arial.ttf
000923_tz3Mp.png,tz3Mp,5,arial.ttf
000924_6qEjp.png,6qEjp,5,arial.ttf
000925_s8Nrx.png,s8Nrx,5,arial.ttf
000926_IfBbR.png,IfBbR,5,arial.ttf
000927_Fj80v.png,Fj80v,5,arial.ttf
000928_IphOm.png,IphOm,5,arial.ttf
000929_rIG5T.png,rIG5T,5,arial.ttf
000930_f59xL.png,f59xL,5,arial.ttf
000931_SpbEn.png,SpbEn,5,arial.ttf
000932_AHETS.png,AHETS,5,arial.ttf
000933_F0m6Z.png,F0m6Z,5,arial.ttf
000934_VUNuG.png,VUNuG,5,arial.ttf
000935_TIyMI.png,TIyMI,5,arial.ttf
000936_lLF7Y.png,lLF7Y,5,arial.ttf
000937_C8nLf.png,C8nLf,5,arial.ttf
000938_6QSHI.png,6QSHI,5,arial.ttf
000939_ov54J.png,ov54J,5,arial.ttf
000940_ngOcG.png,ngOcG,5,arial.ttf
000941_5N7OF.png,5N7OF,5,arial.ttf
000942_QRIYP.png,QRIYP,5,arial.ttf
000943_K4U0f.png,K4U0f,5,arial.ttf
000944_KslgV.png,KslgV,5,arial.ttf
000945_bPM8u.png,bPM8u,5,arial.ttf
000946_FSWsH.png,FSWsH,5,arial.ttf
000947_9BIwy.png,9BIwy,5,arial.ttf
000948_W915F.png,W915F,5,arial.ttf
000949_00Ims.png,00Ims,5,arial.ttf
000950_ww534.png,ww534,5,arial.ttf
000951_PEpZI.png,PEpZI,5,arial.ttf
000952_RNt1N.png,RNt1N,5,arial.ttf
000953_PhdbE.png,PhdbE,5,arial.ttf
000954_bn6PU.png,bn6PU,5,arial.ttf
000955_7tTVW.png,7tTVW,5,arial.ttf
000956_ONqNH.png,ONqNH,5,arial.ttf
000957_ZV2NL.png,ZV2NL,5,arial.ttf
000958_OL85u.png,OL85u,5,arial.ttf
000959_oC2ha.png,oC2ha,5,arial.ttf
000960_MCIiH.png,MCIiH,5,arial.ttf
000961_AR4py.png,AR4py,5,arial.ttf
000962_P9IJ3.png,P9IJ3,5,arial.ttf
000963_eQsCi.png,eQsCi,5,arial.ttf
000964_k9W7y.png,k9W7y,5,arial.ttf
000965_Vl4Ka.png,Vl4Ka,5,arial.ttf
000966_IYZpb.png,IYZpb,5,arial.ttf
000967_ZAnl2.png,ZAnl2,5,arial.ttf
000968_GGSaO.png,GGSaO,5,arial.ttf
000969_ClRC9.png,ClRC9,5,arial.ttf
000970_iGgk4.png,iGgk4,5,arial.ttf
000971_dy5Ui.png,dy5Ui,5,arial.ttf
000972_CxmaJ.png,CxmaJ,5,arial.ttf
000973_lRWHJ.png,lRWHJ,5,arial.ttf
000974_qlAnS.png,qlAnS,5,arial.ttf
000975_AvKIS.png,AvKIS,5,arial.ttf
000976_Jqtah.png,Jqtah,5,arial.ttf
000977_HG9zc.png,HG9zc,5,arial.ttf
000978_741tE.png,741tE,5,arial.ttf
000979_ncAKW.png,ncAKW,5,arial.ttf
000980_HgKGc.png,HgKGc,5,arial.ttf
000981_7Kzcz.png,7Kzcz,5,arial.ttf
000982_YqVlY.png,YqVlY,5,arial.ttf
000983_kIbuV.png,kIbuV,5,arial.ttf
000984_TWg0u.png,TWg0u,5,arial.ttf
000985_31Lhw.png,31Lhw,5,arial.ttf
000986_85uGl.png,85uGl,5,arial.ttf
000987_l8yvu.png,l8yvu,5,arial.ttf
000988_jJJ8W.png,jJJ8W,5,arial.ttf
000989_4zJeG.png,4zJeG,5,arial.ttf
000990_iSQaJ.png,iSQaJ,5,arial.ttf
000991_IcMqw.png,IcMqw,5,arial.ttf
000992_DgU9D.png,DgU9D,5,arial.ttf
000993_Vb46H.png,Vb46H,5,arial.ttf
000994_a0G7G.png,a0G7G,5,arial.ttf
000995_I04hV.png,I04hV,5,arial.ttf
000996_kGV5l.png,kGV5l,5,arial.ttf
000997_WF5em.png,WF5em,5,arial.ttf
000998_7Vy3u.png,7Vy3u,5,arial.ttf
000999_e3pkJ.png,e3pkJ,5,arial.ttf
